[
  {
    "width": 24,
    "height": 24,
    "color": "Clear",
    "count": 8,
    "heatSoaked": true,
    "reservedProject": "",
    "rackNumber": "R-001",
    "id": "a786ff02-8ef1-49d7-a6af-f8c4a23d1405",
    "dateAdded": "9/15/2025",
    "availableCount": 8
  },
  {
    "width": 36,
    "height": 48,
    "color": "Bronze",
    "count": 12,
    "heatSoaked": false,
    "reservedProject": "",
    "rackNumber": "R-002",
    "id": "b123ff02-8ef1-49d7-a6af-f8c4a23d1406",
    "dateAdded": "9/14/2025",
    "availableCount": 12
  },
  {
    "width": 48,
    "height": 72,
    "color": "Clear",
    "count": 6,
    "heatSoaked": true,
    "reservedProject": "",
    "rackNumber": "R-003",
    "id": "c234ff02-8ef1-49d7-a6af-f8c4a23d1407",
    "dateAdded": "9/13/2025",
    "availableCount": 6
  },
  {
    "width": 30,
    "height": 60,
    "color": "Grey",
    "count": 15,
    "heatSoaked": false,
    "reservedProject": "",
    "rackNumber": "R-004",
    "id": "d345ff02-8ef1-49d7-a6af-f8c4a23d1408",
    "dateAdded": "9/12/2025",
    "availableCount": 15
  },
  {
    "width": 42,
    "height": 54,
    "color": "Bronze",
    "count": 10,
    "heatSoaked": true,
    "reservedProject": "",
    "rackNumber": "R-005",
    "id": "e456ff02-8ef1-49d7-a6af-f8c4a23d1409",
    "dateAdded": "9/11/2025",
    "availableCount": 10
  },
  {
    "width": 18,
    "height": 24,
    "color": "Clear",
    "count": 20,
    "heatSoaked": false,
    "reservedProject": "",
    "rackNumber": "R-006",
    "id": "f567ff02-8ef1-49d7-a6af-f8c4a23d1410",
    "dateAdded": "9/10/2025",
    "availableCount": 20
  },
  {
    "width": 99999,
    "height": 99999,
    "color": "Clear",
    "count": 9999,
    "heatSoaked": false,
    "reservedProject": "",
    "rackNumber": "x1",
    "id": "c5ffb53d-3ffc-4dce-8262-2eacf9b80f65",
    "dateAdded": "9/15/2025"
  },
  {
    "id": "d15b06bd-35f9-4baf-953d-e99914289493",
    "width": 24,
    "height": 24,
    "color": "Clear",
    "count": 5,
    "heatSoaked": true,
    "reservedProject": "",
    "rackNumber": "R-NEW",
    "dateAdded": "9/15/2025",
    "orderReference": "993aed31-a861-4365-bd81-0d7bdf44242f",
    "supplierInfo": "Chronoglass"
  },
  {
    "id": "fe7602ab-c3e6-4150-95cc-4a29ab90a314",
    "width": 29,
    "height": 29,
    "color": "Clear",
    "count": 1,
    "heatSoaked": true,
    "reservedProject": "",
    "rackNumber": "R-005",
    "dateAdded": "9/15/2025",
    "orderReference": "d2298f32-4d83-491b-b02c-ac2e01284387",
    "supplierInfo": "Chronoglass"
  },
  {
    "id": "1b71f0c4-2290-4969-b417-3a1225ef9438",
    "width": 60,
    "height": 84,
    "color": "Bronze",
    "count": 12,
    "heatSoaked": true,
    "reservedProject": "",
    "rackNumber": "R-NEW",
    "dateAdded": "9/16/2025",
    "orderReference": "pending-001",
    "supplierInfo": "Guardian Glass"
  }
]
