[
  {
    "id": "backlog-001",
    "width": 48,
    "height": 72,
    "color": "Clear",
    "heatSoaked": true,
    "count": 8,
    "originalProject": "Office Building Lobby",
    "backlogDate": "9/15/2025",
    "notes": "Removed from project due to design changes - high priority glass that needs reallocation"
  },
  {
    "id": "backlog-002",
    "width": 24,
    "height": 24,
    "color": "Clear",
    "heatSoaked": true,
    "count": 5,
    "originalProject": "Restaurant Windows",
    "backlogDate": "9/14/2025",
    "notes": "Client canceled order - glass available for reuse"
  },
  {
    "width": 2,
    "height": 2,
    "color": "Clear",
    "heatSoaked": false,
    "count": 10,
    "originalProject": "aa",
    "notes": "Moved from reservation - aa",
    "reservedDate": "2025-09-22T17:26:39.555Z",
    "id": "d742fcc5-aa35-4b91-ab3c-a8abb2a93b5e",
    "backlogDate": "9/22/2025"
  }
]
