[
  {
    "id": "35x36_acid_etched_group",
    "width": 35,
    "height": 36,
    "color": "Acid Etched",
    "heatSoaked": true,
    "racks": [],
    "count": 1,
    "availableCount": 1,
    "reservedCount": 0,
    "reservedProjects": [],
    "reservedProject": null
  },
  {
    "id": "42x36_acid_etched_group",
    "width": 42,
    "height": 36,
    "color": "Acid Etched",
    "heatSoaked": true,
    "racks": [],
    "count": 3,
    "availableCount": 3,
    "reservedCount": 0,
    "reservedProjects": [],
    "reservedProject": null
  },
  {
    "id": "43x36_acid_etched_group",
    "width": 43,
    "height": 36,
    "color": "Acid Etched",
    "heatSoaked": true,
    "racks": [],
    "count": 14,
    "availableCount": 14,
    "reservedCount": 0,
    "reservedProjects": [],
    "reservedProject": null
  },
  {
    "id": "45x36_acid_etched_group",
    "width": 45,
    "height": 36,
    "color": "Acid Etched",
    "heatSoaked": true,
    "racks": [],
    "count": 12,
    "availableCount": 12,
    "reservedCount": 0,
    "reservedProjects": [],
    "reservedProject": null
  },
  {
    "id": "21x68_acid_etched_group",
    "width": 21,
    "height": 68,
    "color": "Acid Etched",
    "heatSoaked": true,
    "racks": [],
    "count": 27,
    "availableCount": 27,
    "reservedCount": 0,
    "reservedProjects": [],
    "reservedProject": null
  },
  {
    "id": "23x68_acid_etched_group",
    "width": 23,
    "height": 68,
    "color": "Acid Etched",
    "heatSoaked": true,
    "racks": [],
    "count": 1,
    "availableCount": 1,
    "reservedCount": 0,
    "reservedProjects": [],
    "reservedProject": null
  },
  {
    "id": "24x68_acid_etched_group",
    "width": 24,
    "height": 68,
    "color": "Acid Etched",
    "heatSoaked": true,
    "racks": [],
    "count": 2,
    "availableCount": 2,
    "reservedCount": 0,
    "reservedProjects": [],
    "reservedProject": null
  },
  {
    "id": "25x68_acid_etched_group",
    "width": 25,
    "height": 68,
    "color": "Acid Etched",
    "heatSoaked": true,
    "racks": [],
    "count": 1,
    "availableCount": 1,
    "reservedCount": 0,
    "reservedProjects": [],
    "reservedProject": null
  },
  {
    "id": "27x68_acid_etched_group",
    "width": 27,
    "height": 68,
    "color": "Acid Etched",
    "heatSoaked": true,
    "racks": [],
    "count": 3,
    "availableCount": 3,
    "reservedCount": 0,
    "reservedProjects": [],
    "reservedProject": null
  },
  {
    "id": "28x68_acid_etched_group",
    "width": 28,
    "height": 68,
    "color": "Acid Etched",
    "heatSoaked": true,
    "racks": [],
    "count": 1,
    "availableCount": 1,
    "reservedCount": 0,
    "reservedProjects": [],
    "reservedProject": null
  },
  {
    "id": "29x68_acid_etched_group",
    "width": 29,
    "height": 68,
    "color": "Acid Etched",
    "heatSoaked": true,
    "racks": [],
    "count": 1,
    "availableCount": 1,
    "reservedCount": 0,
    "reservedProjects": [],
    "reservedProject": null
  },
  {
    "id": "31x68_acid_etched_group",
    "width": 31,
    "height": 68,
    "color": "Acid Etched",
    "heatSoaked": true,
    "racks": [],
    "count": 3,
    "availableCount": 3,
    "reservedCount": 0,
    "reservedProjects": [],
    "reservedProject": null
  },
  {
    "id": "32x68_acid_etched_group",
    "width": 32,
    "height": 68,
    "color": "Acid Etched",
    "heatSoaked": true,
    "racks": [],
    "count": 1,
    "availableCount": 1,
    "reservedCount": 0,
    "reservedProjects": [],
    "reservedProject": null
  },
  {
    "id": "33x68_acid_etched_group",
    "width": 33,
    "height": 68,
    "color": "Acid Etched",
    "heatSoaked": true,
    "racks": [],
    "count": 2,
    "availableCount": 2,
    "reservedCount": 0,
    "reservedProjects": [],
    "reservedProject": null
  },
  {
    "id": "34x68_acid_etched_group",
    "width": 34,
    "height": 68,
    "color": "Acid Etched",
    "heatSoaked": true,
    "racks": [],
    "count": 20,
    "availableCount": 20,
    "reservedCount": 0,
    "reservedProjects": [],
    "reservedProject": null
  },
  {
    "id": "34x68_clear_group",
    "width": 34,
    "height": 68,
    "color": "Clear",
    "heatSoaked": false,
    "racks": [],
    "count": 2,
    "availableCount": 2,
    "reservedCount": 0,
    "reservedProjects": [],
    "reservedProject": null
  },
  {
    "id": "35x68_acid_etched_group",
    "width": 35,
    "height": 68,
    "color": "Acid Etched",
    "heatSoaked": true,
    "racks": [],
    "count": 5,
    "availableCount": 5,
    "reservedCount": 0,
    "reservedProjects": [],
    "reservedProject": null
  },
  {
    "id": "35x68_clear_group",
    "width": 35,
    "height": 68,
    "color": "Clear",
    "heatSoaked": false,
    "racks": [],
    "count": 1,
    "availableCount": 1,
    "reservedCount": 0,
    "reservedProjects": [],
    "reservedProject": null
  },
  {
    "id": "52x39_acid_etched_group",
    "width": 52,
    "height": 39,
    "color": "Acid Etched",
    "heatSoaked": true,
    "racks": [],
    "count": 1,
    "availableCount": 1,
    "reservedCount": 0,
    "reservedProjects": [],
    "reservedProject": null
  },
  {
    "id": "36x68_acid_etched_group",
    "width": 36,
    "height": 68,
    "color": "Acid Etched",
    "heatSoaked": true,
    "racks": [],
    "count": 1,
    "availableCount": 1,
    "reservedCount": 0,
    "reservedProjects": [],
    "reservedProject": null
  },
  {
    "id": "38x68_acid_etched_group",
    "width": 38,
    "height": 68,
    "color": "Acid Etched",
    "heatSoaked": true,
    "racks": [],
    "count": 3,
    "availableCount": 3,
    "reservedCount": 0,
    "reservedProjects": [],
    "reservedProject": null
  },
  {
    "id": "39x68_acid_etched_group",
    "width": 39,
    "height": 68,
    "color": "Acid Etched",
    "heatSoaked": true,
    "racks": [],
    "count": 12,
    "availableCount": 12,
    "reservedCount": 0,
    "reservedProjects": [],
    "reservedProject": null
  },
  {
    "id": "27x40_blue_group",
    "width": 27,
    "height": 40,
    "color": "Blue",
    "heatSoaked": false,
    "racks": [],
    "count": 7,
    "availableCount": 7,
    "reservedCount": 0,
    "reservedProjects": [],
    "reservedProject": null
  },
  {
    "id": "28x40_blue_group",
    "width": 28,
    "height": 40,
    "color": "Blue",
    "heatSoaked": false,
    "racks": [],
    "count": 5,
    "availableCount": 5,
    "reservedCount": 0,
    "reservedProjects": [],
    "reservedProject": null
  },
  {
    "id": "30x40_blue_group",
    "width": 30,
    "height": 40,
    "color": "Blue",
    "heatSoaked": false,
    "racks": [],
    "count": 9,
    "availableCount": 9,
    "reservedCount": 0,
    "reservedProjects": [],
    "reservedProject": null
  },
  {
    "id": "31x40_blue_group",
    "width": 31,
    "height": 40,
    "color": "Blue",
    "heatSoaked": false,
    "racks": [],
    "count": 3,
    "availableCount": 3,
    "reservedCount": 0,
    "reservedProjects": [],
    "reservedProject": null
  },
  {
    "id": "32x40_blue_group",
    "width": 32,
    "height": 40,
    "color": "Blue",
    "heatSoaked": false,
    "racks": [],
    "count": 2,
    "availableCount": 2,
    "reservedCount": 0,
    "reservedProjects": [],
    "reservedProject": null
  },
  {
    "id": "33x40_blue_group",
    "width": 33,
    "height": 40,
    "color": "Blue",
    "heatSoaked": false,
    "racks": [],
    "count": 3,
    "availableCount": 3,
    "reservedCount": 0,
    "reservedProjects": [],
    "reservedProject": null
  },
  {
    "id": "33x50_blue_group",
    "width": 33,
    "height": 50,
    "color": "Blue",
    "heatSoaked": false,
    "racks": [],
    "count": 2,
    "availableCount": 2,
    "reservedCount": 0,
    "reservedProjects": [],
    "reservedProject": null
  },
  {
    "id": "34x40_blue_group",
    "width": 34,
    "height": 40,
    "color": "Blue",
    "heatSoaked": false,
    "racks": [],
    "count": 1,
    "availableCount": 1,
    "reservedCount": 0,
    "reservedProjects": [],
    "reservedProject": null
  },
  {
    "id": "35x39_blue_group",
    "width": 35,
    "height": 39,
    "color": "Blue",
    "heatSoaked": false,
    "racks": [],
    "count": 1,
    "availableCount": 1,
    "reservedCount": 0,
    "reservedProjects": [],
    "reservedProject": null
  },
  {
    "id": "37x39_blue_group",
    "width": 37,
    "height": 39,
    "color": "Blue",
    "heatSoaked": false,
    "racks": [],
    "count": 2,
    "availableCount": 2,
    "reservedCount": 0,
    "reservedProjects": [],
    "reservedProject": null
  },
  {
    "id": "38x40_blue_group",
    "width": 38,
    "height": 40,
    "color": "Blue",
    "heatSoaked": false,
    "racks": [],
    "count": 1,
    "availableCount": 1,
    "reservedCount": 0,
    "reservedProjects": [],
    "reservedProject": null
  },
  {
    "id": "39x52_blue_group",
    "width": 39,
    "height": 52,
    "color": "Blue",
    "heatSoaked": false,
    "racks": [],
    "count": 2,
    "availableCount": 2,
    "reservedCount": 0,
    "reservedProjects": [],
    "reservedProject": null
  },
  {
    "id": "39x40_blue_group",
    "width": 39,
    "height": 40,
    "color": "Blue",
    "heatSoaked": false,
    "racks": [],
    "count": 28,
    "availableCount": 28,
    "reservedCount": 0,
    "reservedProjects": [],
    "reservedProject": null
  },
  {
    "id": "40x48_blue_group",
    "width": 40,
    "height": 48,
    "color": "Blue",
    "heatSoaked": false,
    "racks": [],
    "count": 6,
    "availableCount": 6,
    "reservedCount": 0,
    "reservedProjects": [],
    "reservedProject": null
  },
  {
    "id": "40x40_blue_group",
    "width": 40,
    "height": 40,
    "color": "Blue",
    "heatSoaked": false,
    "racks": [],
    "count": 2,
    "availableCount": 2,
    "reservedCount": 0,
    "reservedProjects": [],
    "reservedProject": null
  },
  {
    "id": "41x39_blue_group",
    "width": 41,
    "height": 39,
    "color": "Blue",
    "heatSoaked": false,
    "racks": [],
    "count": 43,
    "availableCount": 43,
    "reservedCount": 0,
    "reservedProjects": [],
    "reservedProject": null
  },
  {
    "id": "44x39_blue_group",
    "width": 44,
    "height": 39,
    "color": "Blue",
    "heatSoaked": false,
    "racks": [],
    "count": 1,
    "availableCount": 1,
    "reservedCount": 0,
    "reservedProjects": [],
    "reservedProject": null
  },
  {
    "id": "44x40_blue_group",
    "width": 44,
    "height": 40,
    "color": "Blue",
    "heatSoaked": false,
    "racks": [],
    "count": 1,
    "availableCount": 1,
    "reservedCount": 0,
    "reservedProjects": [],
    "reservedProject": null
  },
  {
    "id": "46x40_blue_group",
    "width": 46,
    "height": 40,
    "color": "Blue",
    "heatSoaked": false,
    "racks": [],
    "count": 15,
    "availableCount": 15,
    "reservedCount": 0,
    "reservedProjects": [],
    "reservedProject": null
  },
  {
    "id": "48x40_blue_group",
    "width": 48,
    "height": 40,
    "color": "Blue",
    "heatSoaked": false,
    "racks": [],
    "count": 2,
    "availableCount": 2,
    "reservedCount": 0,
    "reservedProjects": [],
    "reservedProject": null
  },
  {
    "id": "49x52_blue_group",
    "width": 49,
    "height": 52,
    "color": "Blue",
    "heatSoaked": false,
    "racks": [],
    "count": 9,
    "availableCount": 9,
    "reservedCount": 0,
    "reservedProjects": [],
    "reservedProject": null
  },
  {
    "id": "49x40_blue_group",
    "width": 49,
    "height": 40,
    "color": "Blue",
    "heatSoaked": false,
    "racks": [],
    "count": 1,
    "availableCount": 1,
    "reservedCount": 0,
    "reservedProjects": [],
    "reservedProject": null
  },
  {
    "id": "50x52_blue_group",
    "width": 50,
    "height": 52,
    "color": "Blue",
    "heatSoaked": false,
    "racks": [],
    "count": 1,
    "availableCount": 1,
    "reservedCount": 0,
    "reservedProjects": [],
    "reservedProject": null
  },
  {
    "id": "50x40_blue_group",
    "width": 50,
    "height": 40,
    "color": "Blue",
    "heatSoaked": false,
    "racks": [],
    "count": 3,
    "availableCount": 3,
    "reservedCount": 0,
    "reservedProjects": [],
    "reservedProject": null
  },
  {
    "id": "51x40_blue_group",
    "width": 51,
    "height": 40,
    "color": "Blue",
    "heatSoaked": false,
    "racks": [],
    "count": 1,
    "availableCount": 1,
    "reservedCount": 0,
    "reservedProjects": [],
    "reservedProject": null
  },
  {
    "id": "52x40_blue_group",
    "width": 52,
    "height": 40,
    "color": "Blue",
    "heatSoaked": false,
    "racks": [],
    "count": 3,
    "availableCount": 3,
    "reservedCount": 0,
    "reservedProjects": [],
    "reservedProject": null
  },
  {
    "id": "53x52_blue_group",
    "width": 53,
    "height": 52,
    "color": "Blue",
    "heatSoaked": false,
    "racks": [],
    "count": 4,
    "availableCount": 4,
    "reservedCount": 0,
    "reservedProjects": [],
    "reservedProject": null
  },
  {
    "id": "54x52_blue_group",
    "width": 54,
    "height": 52,
    "color": "Blue",
    "heatSoaked": false,
    "racks": [],
    "count": 3,
    "availableCount": 3,
    "reservedCount": 0,
    "reservedProjects": [],
    "reservedProject": null
  },
  {
    "id": "56x52_blue_group",
    "width": 56,
    "height": 52,
    "color": "Blue",
    "heatSoaked": false,
    "racks": [],
    "count": 2,
    "availableCount": 2,
    "reservedCount": 0,
    "reservedProjects": [],
    "reservedProject": null
  },
  {
    "id": "21x52_bronze_group",
    "width": 21,
    "height": 52,
    "color": "Bronze",
    "heatSoaked": false,
    "racks": [],
    "count": 14,
    "availableCount": 14,
    "reservedCount": 0,
    "reservedProjects": [],
    "reservedProject": null
  },
  {
    "id": "47x39_brown_group",
    "width": 47,
    "height": 39,
    "color": "Brown",
    "heatSoaked": false,
    "racks": [],
    "count": 32,
    "availableCount": 32,
    "reservedCount": 0,
    "reservedProjects": [],
    "reservedProject": null
  },
  {
    "id": "20x52_brown_group",
    "width": 20,
    "height": 52,
    "color": "Brown",
    "heatSoaked": false,
    "racks": [],
    "count": 2,
    "availableCount": 2,
    "reservedCount": 0,
    "reservedProjects": [],
    "reservedProject": null
  },
  {
    "id": "44x52_brown_group",
    "width": 44,
    "height": 52,
    "color": "Brown",
    "heatSoaked": false,
    "racks": [],
    "count": 1,
    "availableCount": 1,
    "reservedCount": 0,
    "reservedProjects": [],
    "reservedProject": null
  },
  {
    "id": "46x52_brown_group",
    "width": 46,
    "height": 52,
    "color": "Brown",
    "heatSoaked": false,
    "racks": [],
    "count": 1,
    "availableCount": 1,
    "reservedCount": 0,
    "reservedProjects": [],
    "reservedProject": null
  },
  {
    "id": "39x40_brown_group",
    "width": 39,
    "height": 40,
    "color": "Brown",
    "heatSoaked": false,
    "racks": [],
    "count": 7,
    "availableCount": 7,
    "reservedCount": 0,
    "reservedProjects": [],
    "reservedProject": null
  },
  {
    "id": "21x52_brown_group",
    "width": 21,
    "height": 52,
    "color": "Brown",
    "heatSoaked": false,
    "racks": [],
    "count": 30,
    "availableCount": 30,
    "reservedCount": 0,
    "reservedProjects": [],
    "reservedProject": null
  },
  {
    "id": "20x14_brown_group",
    "width": 20,
    "height": 14,
    "color": "Brown",
    "heatSoaked": false,
    "racks": [],
    "count": 14,
    "availableCount": 14,
    "reservedCount": 0,
    "reservedProjects": [],
    "reservedProject": null
  },
  {
    "id": "21x14_brown_group",
    "width": 21,
    "height": 14,
    "color": "Brown",
    "heatSoaked": false,
    "racks": [],
    "count": 5,
    "availableCount": 5,
    "reservedCount": 0,
    "reservedProjects": [],
    "reservedProject": null
  },
  {
    "id": "44x14_brown_group",
    "width": 44,
    "height": 14,
    "color": "Brown",
    "heatSoaked": false,
    "racks": [],
    "count": 31,
    "availableCount": 31,
    "reservedCount": 0,
    "reservedProjects": [],
    "reservedProject": null
  },
  {
    "id": "45x14_brown_group",
    "width": 45,
    "height": 14,
    "color": "Brown",
    "heatSoaked": false,
    "racks": [],
    "count": 3,
    "availableCount": 3,
    "reservedCount": 0,
    "reservedProjects": [],
    "reservedProject": null
  },
  {
    "id": "46x14_brown_group",
    "width": 46,
    "height": 14,
    "color": "Brown",
    "heatSoaked": false,
    "racks": [],
    "count": 21,
    "availableCount": 21,
    "reservedCount": 0,
    "reservedProjects": [],
    "reservedProject": null
  },
  {
    "id": "48x52_clear_group",
    "width": 48,
    "height": 52,
    "color": "Clear",
    "heatSoaked": false,
    "racks": [],
    "count": 209,
    "availableCount": 209,
    "reservedCount": 0,
    "reservedProjects": [],
    "reservedProject": null
  },
  {
    "id": "44x42_clear_group",
    "width": 44,
    "height": 42,
    "color": "Clear",
    "heatSoaked": false,
    "racks": [],
    "count": 2,
    "availableCount": 2,
    "reservedCount": 0,
    "reservedProjects": [],
    "reservedProject": null
  },
  {
    "id": "48x46_clear_group",
    "width": 48,
    "height": 46,
    "color": "Clear",
    "heatSoaked": false,
    "racks": [],
    "count": 6,
    "availableCount": 6,
    "reservedCount": 0,
    "reservedProjects": [],
    "reservedProject": null
  },
  {
    "id": "48x49_clear_group",
    "width": 48,
    "height": 49,
    "color": "Clear",
    "heatSoaked": false,
    "racks": [],
    "count": 2,
    "availableCount": 2,
    "reservedCount": 0,
    "reservedProjects": [],
    "reservedProject": null
  },
  {
    "id": "50x44_clear_group",
    "width": 50,
    "height": 44,
    "color": "Clear",
    "heatSoaked": false,
    "racks": [],
    "count": 1,
    "availableCount": 1,
    "reservedCount": 0,
    "reservedProjects": [],
    "reservedProject": null
  },
  {
    "id": "54x44_clear_group",
    "width": 54,
    "height": 44,
    "color": "Clear",
    "heatSoaked": false,
    "racks": [],
    "count": 1,
    "availableCount": 1,
    "reservedCount": 0,
    "reservedProjects": [],
    "reservedProject": null
  },
  {
    "id": "30x36_clear_group",
    "width": 30,
    "height": 36,
    "color": "Clear",
    "heatSoaked": false,
    "racks": [],
    "count": 16,
    "availableCount": 16,
    "reservedCount": 0,
    "reservedProjects": [],
    "reservedProject": null
  },
  {
    "id": "35x39_clear_group",
    "width": 35,
    "height": 39,
    "color": "Clear",
    "heatSoaked": false,
    "racks": [],
    "count": 275,
    "availableCount": 275,
    "reservedCount": 0,
    "reservedProjects": [],
    "reservedProject": null
  },
  {
    "id": "36x39_clear_group",
    "width": 36,
    "height": 39,
    "color": "Clear",
    "heatSoaked": false,
    "racks": [],
    "count": 3,
    "availableCount": 3,
    "reservedCount": 0,
    "reservedProjects": [],
    "reservedProject": null
  },
  {
    "id": "33x39_clear_group",
    "width": 33,
    "height": 39,
    "color": "Clear",
    "heatSoaked": false,
    "racks": [],
    "count": 188,
    "availableCount": 188,
    "reservedCount": 0,
    "reservedProjects": [],
    "reservedProject": null
  },
  {
    "id": "34x39_clear_group",
    "width": 34,
    "height": 39,
    "color": "Clear",
    "heatSoaked": false,
    "racks": [],
    "count": 200,
    "availableCount": 200,
    "reservedCount": 0,
    "reservedProjects": [],
    "reservedProject": null
  },
  {
    "id": "36x36_clear_group",
    "width": 36,
    "height": 36,
    "color": "Clear",
    "heatSoaked": false,
    "racks": [],
    "count": 10,
    "availableCount": 10,
    "reservedCount": 0,
    "reservedProjects": [],
    "reservedProject": null
  },
  {
    "id": "44x39_clear_group",
    "width": 44,
    "height": 39,
    "color": "Clear",
    "heatSoaked": false,
    "racks": [],
    "count": 100,
    "availableCount": 100,
    "reservedCount": 0,
    "reservedProjects": [],
    "reservedProject": null
  },
  {
    "id": "47x39_clear_group",
    "width": 47,
    "height": 39,
    "color": "Clear",
    "heatSoaked": false,
    "racks": [],
    "count": 265,
    "availableCount": 265,
    "reservedCount": 0,
    "reservedProjects": [],
    "reservedProject": null
  },
  {
    "id": "51x39_clear_group",
    "width": 51,
    "height": 39,
    "color": "Clear",
    "heatSoaked": false,
    "racks": [],
    "count": 118,
    "availableCount": 118,
    "reservedCount": 0,
    "reservedProjects": [],
    "reservedProject": null
  },
  {
    "id": "68x39_clear_group",
    "width": 68,
    "height": 39,
    "color": "Clear",
    "heatSoaked": false,
    "racks": [],
    "count": 12,
    "availableCount": 12,
    "reservedCount": 0,
    "reservedProjects": [],
    "reservedProject": null
  },
  {
    "id": "32x39_clear_group",
    "width": 32,
    "height": 39,
    "color": "Clear",
    "heatSoaked": false,
    "racks": [],
    "count": 6,
    "availableCount": 6,
    "reservedCount": 0,
    "reservedProjects": [],
    "reservedProject": null
  },
  {
    "id": "45x39_clear_group",
    "width": 45,
    "height": 39,
    "color": "Clear",
    "heatSoaked": false,
    "racks": [],
    "count": 377,
    "availableCount": 377,
    "reservedCount": 0,
    "reservedProjects": [],
    "reservedProject": null
  },
  {
    "id": "46x39_clear_group",
    "width": 46,
    "height": 39,
    "color": "Clear",
    "heatSoaked": false,
    "racks": [],
    "count": 98,
    "availableCount": 98,
    "reservedCount": 0,
    "reservedProjects": [],
    "reservedProject": null
  },
  {
    "id": "34x26_clear_group",
    "width": 34,
    "height": 26,
    "color": "Clear",
    "heatSoaked": false,
    "racks": [],
    "count": 3,
    "availableCount": 3,
    "reservedCount": 0,
    "reservedProjects": [],
    "reservedProject": null
  },
  {
    "id": "38x26_clear_group",
    "width": 38,
    "height": 26,
    "color": "Clear",
    "heatSoaked": false,
    "racks": [],
    "count": 2,
    "availableCount": 2,
    "reservedCount": 0,
    "reservedProjects": [],
    "reservedProject": null
  },
  {
    "id": "40x26_clear_group",
    "width": 40,
    "height": 26,
    "color": "Clear",
    "heatSoaked": false,
    "racks": [],
    "count": 20,
    "availableCount": 20,
    "reservedCount": 0,
    "reservedProjects": [],
    "reservedProject": null
  },
  {
    "id": "40x52_clear_group",
    "width": 40,
    "height": 52,
    "color": "Clear",
    "heatSoaked": false,
    "racks": [],
    "count": 10,
    "availableCount": 10,
    "reservedCount": 0,
    "reservedProjects": [],
    "reservedProject": null
  },
  {
    "id": "42x26_clear_group",
    "width": 42,
    "height": 26,
    "color": "Clear",
    "heatSoaked": false,
    "racks": [],
    "count": 56,
    "availableCount": 56,
    "reservedCount": 0,
    "reservedProjects": [],
    "reservedProject": null
  },
  {
    "id": "44x26_clear_group",
    "width": 44,
    "height": 26,
    "color": "Clear",
    "heatSoaked": false,
    "racks": [],
    "count": 23,
    "availableCount": 23,
    "reservedCount": 0,
    "reservedProjects": [],
    "reservedProject": null
  },
  {
    "id": "45x26_clear_group",
    "width": 45,
    "height": 26,
    "color": "Clear",
    "heatSoaked": false,
    "racks": [],
    "count": 2,
    "availableCount": 2,
    "reservedCount": 0,
    "reservedProjects": [],
    "reservedProject": null
  },
  {
    "id": "48x26_clear_group",
    "width": 48,
    "height": 26,
    "color": "Clear",
    "heatSoaked": false,
    "racks": [],
    "count": 5,
    "availableCount": 5,
    "reservedCount": 0,
    "reservedProjects": [],
    "reservedProject": null
  },
  {
    "id": "38x39_clear_group",
    "width": 38,
    "height": 39,
    "color": "Clear",
    "heatSoaked": false,
    "racks": [],
    "count": 311,
    "availableCount": 311,
    "reservedCount": 0,
    "reservedProjects": [],
    "reservedProject": null
  },
  {
    "id": "39x39_clear_group",
    "width": 39,
    "height": 39,
    "color": "Clear",
    "heatSoaked": false,
    "racks": [],
    "count": 88,
    "availableCount": 88,
    "reservedCount": 0,
    "reservedProjects": [],
    "reservedProject": null
  },
  {
    "id": "40x39_clear_group",
    "width": 40,
    "height": 39,
    "color": "Clear",
    "heatSoaked": false,
    "racks": [],
    "count": 313,
    "availableCount": 313,
    "reservedCount": 0,
    "reservedProjects": [],
    "reservedProject": null
  },
  {
    "id": "42x39_clear_group",
    "width": 42,
    "height": 39,
    "color": "Clear",
    "heatSoaked": false,
    "racks": [],
    "count": 570,
    "availableCount": 570,
    "reservedCount": 0,
    "reservedProjects": [],
    "reservedProject": null
  },
  {
    "id": "26x39_clear_group",
    "width": 26,
    "height": 39,
    "color": "Clear",
    "heatSoaked": false,
    "racks": [],
    "count": 42,
    "availableCount": 42,
    "reservedCount": 0,
    "reservedProjects": [],
    "reservedProject": null
  },
  {
    "id": "31x39_clear_group",
    "width": 31,
    "height": 39,
    "color": "Clear",
    "heatSoaked": false,
    "racks": [],
    "count": 18,
    "availableCount": 18,
    "reservedCount": 0,
    "reservedProjects": [],
    "reservedProject": null
  },
  {
    "id": "50x26_clear_group",
    "width": 50,
    "height": 26,
    "color": "Clear",
    "heatSoaked": false,
    "racks": [],
    "count": 2,
    "availableCount": 2,
    "reservedCount": 0,
    "reservedProjects": [],
    "reservedProject": null
  },
  {
    "id": "33x52_clear_group",
    "width": 33,
    "height": 52,
    "color": "Clear",
    "heatSoaked": false,
    "racks": [],
    "count": 5,
    "availableCount": 5,
    "reservedCount": 0,
    "reservedProjects": [],
    "reservedProject": null
  },
  {
    "id": "34x52_clear_group",
    "width": 34,
    "height": 52,
    "color": "Clear",
    "heatSoaked": false,
    "racks": [],
    "count": 3,
    "availableCount": 3,
    "reservedCount": 0,
    "reservedProjects": [],
    "reservedProject": null
  },
  {
    "id": "39x52_clear_group",
    "width": 39,
    "height": 52,
    "color": "Clear",
    "heatSoaked": false,
    "racks": [],
    "count": 4,
    "availableCount": 4,
    "reservedCount": 0,
    "reservedProjects": [],
    "reservedProject": null
  },
  {
    "id": "32x44_clear_group",
    "width": 32,
    "height": 44,
    "color": "Clear",
    "heatSoaked": false,
    "racks": [],
    "count": 42,
    "availableCount": 42,
    "reservedCount": 0,
    "reservedProjects": [],
    "reservedProject": null
  },
  {
    "id": "37x36_clear_group",
    "width": 37,
    "height": 36,
    "color": "Clear",
    "heatSoaked": false,
    "racks": [],
    "count": 10,
    "availableCount": 10,
    "reservedCount": 0,
    "reservedProjects": [],
    "reservedProject": null
  },
  {
    "id": "42x36_clear_group",
    "width": 42,
    "height": 36,
    "color": "Clear",
    "heatSoaked": false,
    "racks": [],
    "count": 20,
    "availableCount": 20,
    "reservedCount": 0,
    "reservedProjects": [],
    "reservedProject": null
  },
  {
    "id": "43x36_clear_group",
    "width": 43,
    "height": 36,
    "color": "Clear",
    "heatSoaked": false,
    "racks": [],
    "count": 20,
    "availableCount": 20,
    "reservedCount": 0,
    "reservedProjects": [],
    "reservedProject": null
  },
  {
    "id": "20x52_clear_group",
    "width": 20,
    "height": 52,
    "color": "Clear",
    "heatSoaked": false,
    "racks": [],
    "count": 20,
    "availableCount": 20,
    "reservedCount": 0,
    "reservedProjects": [],
    "reservedProject": null
  },
  {
    "id": "21x52_clear_group",
    "width": 21,
    "height": 52,
    "color": "Clear",
    "heatSoaked": false,
    "racks": [],
    "count": 22,
    "availableCount": 22,
    "reservedCount": 0,
    "reservedProjects": [],
    "reservedProject": null
  },
  {
    "id": "28x39_clear_group",
    "width": 28,
    "height": 39,
    "color": "Clear",
    "heatSoaked": false,
    "racks": [],
    "count": 73,
    "availableCount": 73,
    "reservedCount": 0,
    "reservedProjects": [],
    "reservedProject": null
  },
  {
    "id": "36x52_clear_group",
    "width": 36,
    "height": 52,
    "color": "Clear",
    "heatSoaked": false,
    "racks": [],
    "count": 4,
    "availableCount": 4,
    "reservedCount": 0,
    "reservedProjects": [],
    "reservedProject": null
  },
  {
    "id": "38x52_clear_group",
    "width": 38,
    "height": 52,
    "color": "Clear",
    "heatSoaked": false,
    "racks": [],
    "count": 11,
    "availableCount": 11,
    "reservedCount": 0,
    "reservedProjects": [],
    "reservedProject": null
  },
  {
    "id": "39x55_clear_group",
    "width": 39,
    "height": 55,
    "color": "Clear",
    "heatSoaked": false,
    "racks": [],
    "count": 4,
    "availableCount": 4,
    "reservedCount": 0,
    "reservedProjects": [],
    "reservedProject": null
  },
  {
    "id": "43x52_clear_group",
    "width": 43,
    "height": 52,
    "color": "Clear",
    "heatSoaked": false,
    "racks": [],
    "count": 3,
    "availableCount": 3,
    "reservedCount": 0,
    "reservedProjects": [],
    "reservedProject": null
  },
  {
    "id": "45x52_clear_group",
    "width": 45,
    "height": 52,
    "color": "Clear",
    "heatSoaked": false,
    "racks": [],
    "count": 3,
    "availableCount": 3,
    "reservedCount": 0,
    "reservedProjects": [],
    "reservedProject": null
  },
  {
    "id": "46x52_clear_group",
    "width": 46,
    "height": 52,
    "color": "Clear",
    "heatSoaked": false,
    "racks": [],
    "count": 16,
    "availableCount": 16,
    "reservedCount": 0,
    "reservedProjects": [],
    "reservedProject": null
  },
  {
    "id": "47x52_clear_group",
    "width": 47,
    "height": 52,
    "color": "Clear",
    "heatSoaked": false,
    "racks": [],
    "count": 81,
    "availableCount": 81,
    "reservedCount": 0,
    "reservedProjects": [],
    "reservedProject": null
  },
  {
    "id": "41x39_clear_group",
    "width": 41,
    "height": 39,
    "color": "Clear",
    "heatSoaked": false,
    "racks": [],
    "count": 155,
    "availableCount": 155,
    "reservedCount": 0,
    "reservedProjects": [],
    "reservedProject": null
  },
  {
    "id": "20x39_clear_group",
    "width": 20,
    "height": 39,
    "color": "Clear",
    "heatSoaked": false,
    "racks": [],
    "count": 32,
    "availableCount": 32,
    "reservedCount": 0,
    "reservedProjects": [],
    "reservedProject": null
  },
  {
    "id": "14x36_clear_group",
    "width": 14,
    "height": 36,
    "color": "Clear",
    "heatSoaked": false,
    "racks": [],
    "count": 5,
    "availableCount": 5,
    "reservedCount": 0,
    "reservedProjects": [],
    "reservedProject": null
  },
  {
    "id": "14x43_clear_group",
    "width": 14,
    "height": 43,
    "color": "Clear",
    "heatSoaked": false,
    "racks": [],
    "count": 2,
    "availableCount": 2,
    "reservedCount": 0,
    "reservedProjects": [],
    "reservedProject": null
  },
  {
    "id": "14x42_clear_group",
    "width": 14,
    "height": 42,
    "color": "Clear",
    "heatSoaked": false,
    "racks": [],
    "count": 1,
    "availableCount": 1,
    "reservedCount": 0,
    "reservedProjects": [],
    "reservedProject": null
  },
  {
    "id": "14x40_clear_group",
    "width": 14,
    "height": 40,
    "color": "Clear",
    "heatSoaked": false,
    "racks": [],
    "count": 1,
    "availableCount": 1,
    "reservedCount": 0,
    "reservedProjects": [],
    "reservedProject": null
  },
  {
    "id": "14x34_clear_group",
    "width": 14,
    "height": 34,
    "color": "Clear",
    "heatSoaked": false,
    "racks": [],
    "count": 1,
    "availableCount": 1,
    "reservedCount": 0,
    "reservedProjects": [],
    "reservedProject": null
  },
  {
    "id": "24x52_clear_group",
    "width": 24,
    "height": 52,
    "color": "Clear",
    "heatSoaked": false,
    "racks": [],
    "count": 2,
    "availableCount": 2,
    "reservedCount": 0,
    "reservedProjects": [],
    "reservedProject": null
  },
  {
    "id": "24x39_clear_group",
    "width": 24,
    "height": 39,
    "color": "Clear",
    "heatSoaked": false,
    "racks": [],
    "count": 15,
    "availableCount": 15,
    "reservedCount": 0,
    "reservedProjects": [],
    "reservedProject": null
  },
  {
    "id": "43x24_clear_group",
    "width": 43,
    "height": 24,
    "color": "Clear",
    "heatSoaked": false,
    "racks": [],
    "count": 2,
    "availableCount": 2,
    "reservedCount": 0,
    "reservedProjects": [],
    "reservedProject": null
  },
  {
    "id": "44x24_clear_group",
    "width": 44,
    "height": 24,
    "color": "Clear",
    "heatSoaked": false,
    "racks": [],
    "count": 17,
    "availableCount": 17,
    "reservedCount": 0,
    "reservedProjects": [],
    "reservedProject": null
  },
  {
    "id": "45x34_clear_group",
    "width": 45,
    "height": 34,
    "color": "Clear",
    "heatSoaked": false,
    "racks": [],
    "count": 87,
    "availableCount": 87,
    "reservedCount": 0,
    "reservedProjects": [],
    "reservedProject": null
  },
  {
    "id": "48x24_clear_group",
    "width": 48,
    "height": 24,
    "color": "Clear",
    "heatSoaked": false,
    "racks": [],
    "count": 14,
    "availableCount": 14,
    "reservedCount": 0,
    "reservedProjects": [],
    "reservedProject": null
  },
  {
    "id": "40x68_clear_group",
    "width": 40,
    "height": 68,
    "color": "Clear",
    "heatSoaked": false,
    "racks": [],
    "count": 2,
    "availableCount": 2,
    "reservedCount": 0,
    "reservedProjects": [],
    "reservedProject": null
  },
  {
    "id": "48x39_clear_group",
    "width": 48,
    "height": 39,
    "color": "Clear",
    "heatSoaked": false,
    "racks": [],
    "count": 148,
    "availableCount": 148,
    "reservedCount": 0,
    "reservedProjects": [],
    "reservedProject": null
  },
  {
    "id": "49x39_clear_group",
    "width": 49,
    "height": 39,
    "color": "Clear",
    "heatSoaked": false,
    "racks": [],
    "count": 65,
    "availableCount": 65,
    "reservedCount": 0,
    "reservedProjects": [],
    "reservedProject": null
  },
  {
    "id": "50x39_clear_group",
    "width": 50,
    "height": 39,
    "color": "Clear",
    "heatSoaked": false,
    "racks": [],
    "count": 2,
    "availableCount": 2,
    "reservedCount": 0,
    "reservedProjects": [],
    "reservedProject": null
  },
  {
    "id": "22x42_clear_group",
    "width": 22,
    "height": 42,
    "color": "Clear",
    "heatSoaked": false,
    "racks": [],
    "count": 4,
    "availableCount": 4,
    "reservedCount": 0,
    "reservedProjects": [],
    "reservedProject": null
  },
  {
    "id": "24x44_clear_group",
    "width": 24,
    "height": 44,
    "color": "Clear",
    "heatSoaked": false,
    "racks": [],
    "count": 1,
    "availableCount": 1,
    "reservedCount": 0,
    "reservedProjects": [],
    "reservedProject": null
  },
  {
    "id": "26x40_clear_group",
    "width": 26,
    "height": 40,
    "color": "Clear",
    "heatSoaked": false,
    "racks": [],
    "count": 1,
    "availableCount": 1,
    "reservedCount": 0,
    "reservedProjects": [],
    "reservedProject": null
  },
  {
    "id": "26x43_clear_group",
    "width": 26,
    "height": 43,
    "color": "Clear",
    "heatSoaked": false,
    "racks": [],
    "count": 1,
    "availableCount": 1,
    "reservedCount": 0,
    "reservedProjects": [],
    "reservedProject": null
  },
  {
    "id": "26x48_clear_group",
    "width": 26,
    "height": 48,
    "color": "Clear",
    "heatSoaked": false,
    "racks": [],
    "count": 1,
    "availableCount": 1,
    "reservedCount": 0,
    "reservedProjects": [],
    "reservedProject": null
  },
  {
    "id": "26x44_clear_group",
    "width": 26,
    "height": 44,
    "color": "Clear",
    "heatSoaked": false,
    "racks": [],
    "count": 4,
    "availableCount": 4,
    "reservedCount": 0,
    "reservedProjects": [],
    "reservedProject": null
  },
  {
    "id": "40x35_clear_group",
    "width": 40,
    "height": 35,
    "color": "Clear",
    "heatSoaked": false,
    "racks": [],
    "count": 10,
    "availableCount": 10,
    "reservedCount": 0,
    "reservedProjects": [],
    "reservedProject": null
  },
  {
    "id": "41x35_clear_group",
    "width": 41,
    "height": 35,
    "color": "Clear",
    "heatSoaked": false,
    "racks": [],
    "count": 12,
    "availableCount": 12,
    "reservedCount": 0,
    "reservedProjects": [],
    "reservedProject": null
  },
  {
    "id": "42x35_clear_group",
    "width": 42,
    "height": 35,
    "color": "Clear",
    "heatSoaked": false,
    "racks": [],
    "count": 23,
    "availableCount": 23,
    "reservedCount": 0,
    "reservedProjects": [],
    "reservedProject": null
  },
  {
    "id": "44x35_clear_group",
    "width": 44,
    "height": 35,
    "color": "Clear",
    "heatSoaked": false,
    "racks": [],
    "count": 20,
    "availableCount": 20,
    "reservedCount": 0,
    "reservedProjects": [],
    "reservedProject": null
  },
  {
    "id": "35x44_clear_group",
    "width": 35,
    "height": 44,
    "color": "Clear",
    "heatSoaked": false,
    "racks": [],
    "count": 1,
    "availableCount": 1,
    "reservedCount": 0,
    "reservedProjects": [],
    "reservedProject": null
  },
  {
    "id": "50x52_clear_group",
    "width": 50,
    "height": 52,
    "color": "Clear",
    "heatSoaked": false,
    "racks": [],
    "count": 1,
    "availableCount": 1,
    "reservedCount": 0,
    "reservedProjects": [],
    "reservedProject": null
  },
  {
    "id": "56x39_clear_group",
    "width": 56,
    "height": 39,
    "color": "Clear",
    "heatSoaked": false,
    "racks": [],
    "count": 58,
    "availableCount": 58,
    "reservedCount": 0,
    "reservedProjects": [],
    "reservedProject": null
  },
  {
    "id": "43x39_clear_group",
    "width": 43,
    "height": 39,
    "color": "Clear",
    "heatSoaked": false,
    "racks": [],
    "count": 146,
    "availableCount": 146,
    "reservedCount": 0,
    "reservedProjects": [],
    "reservedProject": null
  },
  {
    "id": "42x68_acid_etched_group",
    "width": 42,
    "height": 68,
    "color": "Acid Etched",
    "heatSoaked": true,
    "racks": [],
    "count": 17,
    "availableCount": 17,
    "reservedCount": 0,
    "reservedProjects": [],
    "reservedProject": null
  },
  {
    "id": "34x14_clear_group",
    "width": 34,
    "height": 14,
    "color": "Clear",
    "heatSoaked": false,
    "racks": [],
    "count": 13,
    "availableCount": 13,
    "reservedCount": 0,
    "reservedProjects": [],
    "reservedProject": null
  },
  {
    "id": "42x52_clear_group",
    "width": 42,
    "height": 52,
    "color": "Clear",
    "heatSoaked": false,
    "racks": [],
    "count": 1,
    "availableCount": 1,
    "reservedCount": 0,
    "reservedProjects": [],
    "reservedProject": null
  },
  {
    "id": "30x34_clear_group",
    "width": 30,
    "height": 34,
    "color": "Clear",
    "heatSoaked": false,
    "racks": [],
    "count": 7,
    "availableCount": 7,
    "reservedCount": 0,
    "reservedProjects": [],
    "reservedProject": null
  },
  {
    "id": "36x34_clear_group",
    "width": 36,
    "height": 34,
    "color": "Clear",
    "heatSoaked": false,
    "racks": [],
    "count": 17,
    "availableCount": 17,
    "reservedCount": 0,
    "reservedProjects": [],
    "reservedProject": null
  },
  {
    "id": "37x34_clear_group",
    "width": 37,
    "height": 34,
    "color": "Clear",
    "heatSoaked": false,
    "racks": [],
    "count": 5,
    "availableCount": 5,
    "reservedCount": 0,
    "reservedProjects": [],
    "reservedProject": null
  },
  {
    "id": "41x34_clear_group",
    "width": 41,
    "height": 34,
    "color": "Clear",
    "heatSoaked": false,
    "racks": [],
    "count": 5,
    "availableCount": 5,
    "reservedCount": 0,
    "reservedProjects": [],
    "reservedProject": null
  },
  {
    "id": "46x34_clear_group",
    "width": 46,
    "height": 34,
    "color": "Clear",
    "heatSoaked": false,
    "racks": [],
    "count": 73,
    "availableCount": 73,
    "reservedCount": 0,
    "reservedProjects": [],
    "reservedProject": null
  },
  {
    "id": "55x34_clear_group",
    "width": 55,
    "height": 34,
    "color": "Clear",
    "heatSoaked": false,
    "racks": [],
    "count": 10,
    "availableCount": 10,
    "reservedCount": 0,
    "reservedProjects": [],
    "reservedProject": null
  },
  {
    "id": "57x34_clear_group",
    "width": 57,
    "height": 34,
    "color": "Clear",
    "heatSoaked": false,
    "racks": [],
    "count": 1,
    "availableCount": 1,
    "reservedCount": 0,
    "reservedProjects": [],
    "reservedProject": null
  },
  {
    "id": "18x34_clear_group",
    "width": 18,
    "height": 34,
    "color": "Clear",
    "heatSoaked": false,
    "racks": [],
    "count": 2,
    "availableCount": 2,
    "reservedCount": 0,
    "reservedProjects": [],
    "reservedProject": null
  },
  {
    "id": "28x34_clear_group",
    "width": 28,
    "height": 34,
    "color": "Clear",
    "heatSoaked": false,
    "racks": [],
    "count": 1,
    "availableCount": 1,
    "reservedCount": 0,
    "reservedProjects": [],
    "reservedProject": null
  },
  {
    "id": "30x39_clear_group",
    "width": 30,
    "height": 39,
    "color": "Clear",
    "heatSoaked": false,
    "racks": [],
    "count": 37,
    "availableCount": 37,
    "reservedCount": 0,
    "reservedProjects": [],
    "reservedProject": null
  },
  {
    "id": "32x34_clear_group",
    "width": 32,
    "height": 34,
    "color": "Clear",
    "heatSoaked": false,
    "racks": [],
    "count": 1,
    "availableCount": 1,
    "reservedCount": 0,
    "reservedProjects": [],
    "reservedProject": null
  },
  {
    "id": "33x34_clear_group",
    "width": 33,
    "height": 34,
    "color": "Clear",
    "heatSoaked": false,
    "racks": [],
    "count": 3,
    "availableCount": 3,
    "reservedCount": 0,
    "reservedProjects": [],
    "reservedProject": null
  },
  {
    "id": "34x34_clear_group",
    "width": 34,
    "height": 34,
    "color": "Clear",
    "heatSoaked": false,
    "racks": [],
    "count": 2,
    "availableCount": 2,
    "reservedCount": 0,
    "reservedProjects": [],
    "reservedProject": null
  },
  {
    "id": "43x34_clear_group",
    "width": 43,
    "height": 34,
    "color": "Clear",
    "heatSoaked": false,
    "racks": [],
    "count": 10,
    "availableCount": 10,
    "reservedCount": 0,
    "reservedProjects": [],
    "reservedProject": null
  },
  {
    "id": "44x34_clear_group",
    "width": 44,
    "height": 34,
    "color": "Clear",
    "heatSoaked": false,
    "racks": [],
    "count": 5,
    "availableCount": 5,
    "reservedCount": 0,
    "reservedProjects": [],
    "reservedProject": null
  },
  {
    "id": "47x34_clear_group",
    "width": 47,
    "height": 34,
    "color": "Clear",
    "heatSoaked": false,
    "racks": [],
    "count": 4,
    "availableCount": 4,
    "reservedCount": 0,
    "reservedProjects": [],
    "reservedProject": null
  },
  {
    "id": "48x34_clear_group",
    "width": 48,
    "height": 34,
    "color": "Clear",
    "heatSoaked": false,
    "racks": [],
    "count": 14,
    "availableCount": 14,
    "reservedCount": 0,
    "reservedProjects": [],
    "reservedProject": null
  },
  {
    "id": "49x34_clear_group",
    "width": 49,
    "height": 34,
    "color": "Clear",
    "heatSoaked": false,
    "racks": [],
    "count": 2,
    "availableCount": 2,
    "reservedCount": 0,
    "reservedProjects": [],
    "reservedProject": null
  },
  {
    "id": "50x34_clear_group",
    "width": 50,
    "height": 34,
    "color": "Clear",
    "heatSoaked": false,
    "racks": [],
    "count": 4,
    "availableCount": 4,
    "reservedCount": 0,
    "reservedProjects": [],
    "reservedProject": null
  },
  {
    "id": "51x34_clear_group",
    "width": 51,
    "height": 34,
    "color": "Clear",
    "heatSoaked": false,
    "racks": [],
    "count": 1,
    "availableCount": 1,
    "reservedCount": 0,
    "reservedProjects": [],
    "reservedProject": null
  },
  {
    "id": "54x34_clear_group",
    "width": 54,
    "height": 34,
    "color": "Clear",
    "heatSoaked": false,
    "racks": [],
    "count": 4,
    "availableCount": 4,
    "reservedCount": 0,
    "reservedProjects": [],
    "reservedProject": null
  },
  {
    "id": "58x34_clear_group",
    "width": 58,
    "height": 34,
    "color": "Clear",
    "heatSoaked": false,
    "racks": [],
    "count": 2,
    "availableCount": 2,
    "reservedCount": 0,
    "reservedProjects": [],
    "reservedProject": null
  },
  {
    "id": "52x39_clear_group",
    "width": 52,
    "height": 39,
    "color": "Clear",
    "heatSoaked": false,
    "racks": [],
    "count": 222,
    "availableCount": 222,
    "reservedCount": 0,
    "reservedProjects": [],
    "reservedProject": null
  },
  {
    "id": "37x39_clear_group",
    "width": 37,
    "height": 39,
    "color": "Clear",
    "heatSoaked": false,
    "racks": [],
    "count": 104,
    "availableCount": 104,
    "reservedCount": 0,
    "reservedProjects": [],
    "reservedProject": null
  },
  {
    "id": "40x34_clear_group",
    "width": 40,
    "height": 34,
    "color": "Clear",
    "heatSoaked": false,
    "racks": [],
    "count": 2,
    "availableCount": 2,
    "reservedCount": 0,
    "reservedProjects": [],
    "reservedProject": null
  },
  {
    "id": "53x39_clear_group",
    "width": 53,
    "height": 39,
    "color": "Clear",
    "heatSoaked": false,
    "racks": [],
    "count": 4,
    "availableCount": 4,
    "reservedCount": 0,
    "reservedProjects": [],
    "reservedProject": null
  },
  {
    "id": "60x39_clear_group",
    "width": 60,
    "height": 39,
    "color": "Clear",
    "heatSoaked": false,
    "racks": [],
    "count": 2,
    "availableCount": 2,
    "reservedCount": 0,
    "reservedProjects": [],
    "reservedProject": null
  },
  {
    "id": "60x34_clear_group",
    "width": 60,
    "height": 34,
    "color": "Clear",
    "heatSoaked": false,
    "racks": [],
    "count": 4,
    "availableCount": 4,
    "reservedCount": 0,
    "reservedProjects": [],
    "reservedProject": null
  },
  {
    "id": "18x39_clear_group",
    "width": 18,
    "height": 39,
    "color": "Clear",
    "heatSoaked": false,
    "racks": [],
    "count": 46,
    "availableCount": 46,
    "reservedCount": 0,
    "reservedProjects": [],
    "reservedProject": null
  },
  {
    "id": "41x30_clear_group",
    "width": 41,
    "height": 30,
    "color": "Clear",
    "heatSoaked": false,
    "racks": [],
    "count": 4,
    "availableCount": 4,
    "reservedCount": 0,
    "reservedProjects": [],
    "reservedProject": null
  },
  {
    "id": "42x30_clear_group",
    "width": 42,
    "height": 30,
    "color": "Clear",
    "heatSoaked": false,
    "racks": [],
    "count": 22,
    "availableCount": 22,
    "reservedCount": 0,
    "reservedProjects": [],
    "reservedProject": null
  },
  {
    "id": "43x30_clear_group",
    "width": 43,
    "height": 30,
    "color": "Clear",
    "heatSoaked": false,
    "racks": [],
    "count": 8,
    "availableCount": 8,
    "reservedCount": 0,
    "reservedProjects": [],
    "reservedProject": null
  },
  {
    "id": "44x30_clear_group",
    "width": 44,
    "height": 30,
    "color": "Clear",
    "heatSoaked": false,
    "racks": [],
    "count": 14,
    "availableCount": 14,
    "reservedCount": 0,
    "reservedProjects": [],
    "reservedProject": null
  },
  {
    "id": "45x30_clear_group",
    "width": 45,
    "height": 30,
    "color": "Clear",
    "heatSoaked": false,
    "racks": [],
    "count": 4,
    "availableCount": 4,
    "reservedCount": 0,
    "reservedProjects": [],
    "reservedProject": null
  },
  {
    "id": "55x39_clear_group",
    "width": 55,
    "height": 39,
    "color": "Clear",
    "heatSoaked": false,
    "racks": [],
    "count": 190,
    "availableCount": 190,
    "reservedCount": 0,
    "reservedProjects": [],
    "reservedProject": null
  },
  {
    "id": "43x68_acid_etched_group",
    "width": 43,
    "height": 68,
    "color": "Acid Etched",
    "heatSoaked": true,
    "racks": [],
    "count": 13,
    "availableCount": 13,
    "reservedCount": 0,
    "reservedProjects": [],
    "reservedProject": null
  },
  {
    "id": "44x68_clear_group",
    "width": 44,
    "height": 68,
    "color": "Clear",
    "heatSoaked": false,
    "racks": [],
    "count": 1,
    "availableCount": 1,
    "reservedCount": 0,
    "reservedProjects": [],
    "reservedProject": null
  },
  {
    "id": "46x68_acid_etched_group",
    "width": 46,
    "height": 68,
    "color": "Acid Etched",
    "heatSoaked": true,
    "racks": [],
    "count": 7,
    "availableCount": 7,
    "reservedCount": 0,
    "reservedProjects": [],
    "reservedProject": null
  },
  {
    "id": "47x68_acid_etched_group",
    "width": 47,
    "height": 68,
    "color": "Acid Etched",
    "heatSoaked": true,
    "racks": [],
    "count": 2,
    "availableCount": 2,
    "reservedCount": 0,
    "reservedProjects": [],
    "reservedProject": null
  },
  {
    "id": "48x68_acid_etched_group",
    "width": 48,
    "height": 68,
    "color": "Acid Etched",
    "heatSoaked": true,
    "racks": [],
    "count": 4,
    "availableCount": 4,
    "reservedCount": 0,
    "reservedProjects": [],
    "reservedProject": null
  },
  {
    "id": "52x68_acid_etched_group",
    "width": 52,
    "height": 68,
    "color": "Acid Etched",
    "heatSoaked": true,
    "racks": [],
    "count": 11,
    "availableCount": 11,
    "reservedCount": 0,
    "reservedProjects": [],
    "reservedProject": null
  },
  {
    "id": "55x68_acid_etched_group",
    "width": 55,
    "height": 68,
    "color": "Acid Etched",
    "heatSoaked": true,
    "racks": [],
    "count": 1,
    "availableCount": 1,
    "reservedCount": 0,
    "reservedProjects": [],
    "reservedProject": null
  },
  {
    "id": "13x38_gray_group",
    "width": 13,
    "height": 38,
    "color": "Gray",
    "heatSoaked": false,
    "racks": [],
    "count": 2,
    "availableCount": 2,
    "reservedCount": 0,
    "reservedProjects": [],
    "reservedProject": null
  },
  {
    "id": "16x39_gray_group",
    "width": 16,
    "height": 39,
    "color": "Gray",
    "heatSoaked": false,
    "racks": [],
    "count": 5,
    "availableCount": 5,
    "reservedCount": 0,
    "reservedProjects": [],
    "reservedProject": null
  },
  {
    "id": "18x39_gray_group",
    "width": 18,
    "height": 39,
    "color": "Gray",
    "heatSoaked": false,
    "racks": [],
    "count": 6,
    "availableCount": 6,
    "reservedCount": 0,
    "reservedProjects": [],
    "reservedProject": null
  },
  {
    "id": "22x43_gray_group",
    "width": 22,
    "height": 43,
    "color": "Gray",
    "heatSoaked": false,
    "racks": [],
    "count": 1,
    "availableCount": 1,
    "reservedCount": 0,
    "reservedProjects": [],
    "reservedProject": null
  },
  {
    "id": "30x39_gray_group",
    "width": 30,
    "height": 39,
    "color": "Gray",
    "heatSoaked": false,
    "racks": [],
    "count": 1,
    "availableCount": 1,
    "reservedCount": 0,
    "reservedProjects": [],
    "reservedProject": null
  },
  {
    "id": "31x39_gray_group",
    "width": 31,
    "height": 39,
    "color": "Gray",
    "heatSoaked": false,
    "racks": [],
    "count": 5,
    "availableCount": 5,
    "reservedCount": 0,
    "reservedProjects": [],
    "reservedProject": null
  },
  {
    "id": "31.5x39_gray_group",
    "width": 31.5,
    "height": 39,
    "color": "Gray",
    "heatSoaked": false,
    "racks": [],
    "count": 6,
    "availableCount": 6,
    "reservedCount": 0,
    "reservedProjects": [],
    "reservedProject": null
  },
  {
    "id": "32x39_gray_group",
    "width": 32,
    "height": 39,
    "color": "Gray",
    "heatSoaked": false,
    "racks": [],
    "count": 9,
    "availableCount": 9,
    "reservedCount": 0,
    "reservedProjects": [],
    "reservedProject": null
  },
  {
    "id": "33x39_gray_group",
    "width": 33,
    "height": 39,
    "color": "Gray",
    "heatSoaked": false,
    "racks": [],
    "count": 3,
    "availableCount": 3,
    "reservedCount": 0,
    "reservedProjects": [],
    "reservedProject": null
  },
  {
    "id": "34x39_gray_group",
    "width": 34,
    "height": 39,
    "color": "Gray",
    "heatSoaked": false,
    "racks": [],
    "count": 5,
    "availableCount": 5,
    "reservedCount": 0,
    "reservedProjects": [],
    "reservedProject": null
  },
  {
    "id": "34x52_gray_group",
    "width": 34,
    "height": 52,
    "color": "Gray",
    "heatSoaked": false,
    "racks": [],
    "count": 1,
    "availableCount": 1,
    "reservedCount": 0,
    "reservedProjects": [],
    "reservedProject": null
  },
  {
    "id": "35x39_gray_group",
    "width": 35,
    "height": 39,
    "color": "Gray",
    "heatSoaked": false,
    "racks": [],
    "count": 4,
    "availableCount": 4,
    "reservedCount": 0,
    "reservedProjects": [],
    "reservedProject": null
  },
  {
    "id": "36x39_gray_group",
    "width": 36,
    "height": 39,
    "color": "Gray",
    "heatSoaked": false,
    "racks": [],
    "count": 17,
    "availableCount": 17,
    "reservedCount": 0,
    "reservedProjects": [],
    "reservedProject": null
  },
  {
    "id": "37x39_gray_group",
    "width": 37,
    "height": 39,
    "color": "Gray",
    "heatSoaked": false,
    "racks": [],
    "count": 2,
    "availableCount": 2,
    "reservedCount": 0,
    "reservedProjects": [],
    "reservedProject": null
  },
  {
    "id": "37x52_gray_group",
    "width": 37,
    "height": 52,
    "color": "Gray",
    "heatSoaked": false,
    "racks": [],
    "count": 6,
    "availableCount": 6,
    "reservedCount": 0,
    "reservedProjects": [],
    "reservedProject": null
  },
  {
    "id": "38x39_gray_group",
    "width": 38,
    "height": 39,
    "color": "Gray",
    "heatSoaked": false,
    "racks": [],
    "count": 3,
    "availableCount": 3,
    "reservedCount": 0,
    "reservedProjects": [],
    "reservedProject": null
  },
  {
    "id": "38x42_gray_group",
    "width": 38,
    "height": 42,
    "color": "Gray",
    "heatSoaked": false,
    "racks": [],
    "count": 6,
    "availableCount": 6,
    "reservedCount": 0,
    "reservedProjects": [],
    "reservedProject": null
  },
  {
    "id": "38x52_gray_group",
    "width": 38,
    "height": 52,
    "color": "Gray",
    "heatSoaked": false,
    "racks": [],
    "count": 2,
    "availableCount": 2,
    "reservedCount": 0,
    "reservedProjects": [],
    "reservedProject": null
  },
  {
    "id": "38x32_gray_group",
    "width": 38,
    "height": 32,
    "color": "Gray",
    "heatSoaked": false,
    "racks": [],
    "count": 2,
    "availableCount": 2,
    "reservedCount": 0,
    "reservedProjects": [],
    "reservedProject": null
  },
  {
    "id": "38.5x39_gray_group",
    "width": 38.5,
    "height": 39,
    "color": "Gray",
    "heatSoaked": false,
    "racks": [],
    "count": 3,
    "availableCount": 3,
    "reservedCount": 0,
    "reservedProjects": [],
    "reservedProject": null
  },
  {
    "id": "39x39_gray_group",
    "width": 39,
    "height": 39,
    "color": "Gray",
    "heatSoaked": false,
    "racks": [],
    "count": 2,
    "availableCount": 2,
    "reservedCount": 0,
    "reservedProjects": [],
    "reservedProject": null
  },
  {
    "id": "40x39_gray_group",
    "width": 40,
    "height": 39,
    "color": "Gray",
    "heatSoaked": false,
    "racks": [],
    "count": 18,
    "availableCount": 18,
    "reservedCount": 0,
    "reservedProjects": [],
    "reservedProject": null
  },
  {
    "id": "40x52_gray_group",
    "width": 40,
    "height": 52,
    "color": "Gray",
    "heatSoaked": false,
    "racks": [],
    "count": 4,
    "availableCount": 4,
    "reservedCount": 0,
    "reservedProjects": [],
    "reservedProject": null
  },
  {
    "id": "40x38_gray_group",
    "width": 40,
    "height": 38,
    "color": "Gray",
    "heatSoaked": false,
    "racks": [],
    "count": 8,
    "availableCount": 8,
    "reservedCount": 0,
    "reservedProjects": [],
    "reservedProject": null
  },
  {
    "id": "41x22_gray_group",
    "width": 41,
    "height": 22,
    "color": "Gray",
    "heatSoaked": false,
    "racks": [],
    "count": 1,
    "availableCount": 1,
    "reservedCount": 0,
    "reservedProjects": [],
    "reservedProject": null
  },
  {
    "id": "41x52_gray_group",
    "width": 41,
    "height": 52,
    "color": "Gray",
    "heatSoaked": false,
    "racks": [],
    "count": 4,
    "availableCount": 4,
    "reservedCount": 0,
    "reservedProjects": [],
    "reservedProject": null
  },
  {
    "id": "41x39_gray_group",
    "width": 41,
    "height": 39,
    "color": "Gray",
    "heatSoaked": false,
    "racks": [],
    "count": 3,
    "availableCount": 3,
    "reservedCount": 0,
    "reservedProjects": [],
    "reservedProject": null
  },
  {
    "id": "42x22_gray_group",
    "width": 42,
    "height": 22,
    "color": "Gray",
    "heatSoaked": false,
    "racks": [],
    "count": 1,
    "availableCount": 1,
    "reservedCount": 0,
    "reservedProjects": [],
    "reservedProject": null
  },
  {
    "id": "42x52_gray_group",
    "width": 42,
    "height": 52,
    "color": "Gray",
    "heatSoaked": false,
    "racks": [],
    "count": 27,
    "availableCount": 27,
    "reservedCount": 0,
    "reservedProjects": [],
    "reservedProject": null
  },
  {
    "id": "42x39_gray_group",
    "width": 42,
    "height": 39,
    "color": "Gray",
    "heatSoaked": false,
    "racks": [],
    "count": 14,
    "availableCount": 14,
    "reservedCount": 0,
    "reservedProjects": [],
    "reservedProject": null
  },
  {
    "id": "43x22_gray_group",
    "width": 43,
    "height": 22,
    "color": "Gray",
    "heatSoaked": false,
    "racks": [],
    "count": 3,
    "availableCount": 3,
    "reservedCount": 0,
    "reservedProjects": [],
    "reservedProject": null
  },
  {
    "id": "43x39_gray_group",
    "width": 43,
    "height": 39,
    "color": "Gray",
    "heatSoaked": false,
    "racks": [],
    "count": 6,
    "availableCount": 6,
    "reservedCount": 0,
    "reservedProjects": [],
    "reservedProject": null
  },
  {
    "id": "43x52_gray_group",
    "width": 43,
    "height": 52,
    "color": "Gray",
    "heatSoaked": false,
    "racks": [],
    "count": 1,
    "availableCount": 1,
    "reservedCount": 0,
    "reservedProjects": [],
    "reservedProject": null
  },
  {
    "id": "44x52_gray_group",
    "width": 44,
    "height": 52,
    "color": "Gray",
    "heatSoaked": false,
    "racks": [],
    "count": 36,
    "availableCount": 36,
    "reservedCount": 0,
    "reservedProjects": [],
    "reservedProject": null
  },
  {
    "id": "46x39_gray_group",
    "width": 46,
    "height": 39,
    "color": "Gray",
    "heatSoaked": false,
    "racks": [],
    "count": 5,
    "availableCount": 5,
    "reservedCount": 0,
    "reservedProjects": [],
    "reservedProject": null
  },
  {
    "id": "46x52_gray_group",
    "width": 46,
    "height": 52,
    "color": "Gray",
    "heatSoaked": false,
    "racks": [],
    "count": 5,
    "availableCount": 5,
    "reservedCount": 0,
    "reservedProjects": [],
    "reservedProject": null
  },
  {
    "id": "48x52_gray_group",
    "width": 48,
    "height": 52,
    "color": "Gray",
    "heatSoaked": false,
    "racks": [],
    "count": 15,
    "availableCount": 15,
    "reservedCount": 0,
    "reservedProjects": [],
    "reservedProject": null
  },
  {
    "id": "48x54_gray_group",
    "width": 48,
    "height": 54,
    "color": "Gray",
    "heatSoaked": false,
    "racks": [],
    "count": 3,
    "availableCount": 3,
    "reservedCount": 0,
    "reservedProjects": [],
    "reservedProject": null
  },
  {
    "id": "50x52_gray_group",
    "width": 50,
    "height": 52,
    "color": "Gray",
    "heatSoaked": false,
    "racks": [],
    "count": 3,
    "availableCount": 3,
    "reservedCount": 0,
    "reservedProjects": [],
    "reservedProject": null
  },
  {
    "id": "52x39_gray_group",
    "width": 52,
    "height": 39,
    "color": "Gray",
    "heatSoaked": false,
    "racks": [],
    "count": 2,
    "availableCount": 2,
    "reservedCount": 0,
    "reservedProjects": [],
    "reservedProject": null
  },
  {
    "id": "568f69a0-baa6-4d38-9efd-5e932bb284eb",
    "width": 2,
    "height": 2,
    "color": "Clear",
    "heatSoaked": false,
    "racks": [
      "xxxxx"
    ],
    "count": 200,
    "availableCount": 190,
    "reservedCount": 10,
    "reservedProjects": [
      {
        "projectName": "aa",
        "quantity": 10,
        "reservations": [
          {
            "id": "bb33f2da-f1a7-4420-8c12-37bf0d3ff889",
            "projectName": "aa",
            "quantity": 10,
            "reservedDate": "2025-09-22T17:33:51.982Z",
            "glassId": "568f69a0-baa6-4d38-9efd-5e932bb284eb"
          }
        ]
      }
    ],
    "reservedProject": null,
    "dateAdded": "9/22/2025"
  }
]
